prompt,base,finetuned,judgment
"Explain the difference between revenue, profit, and cash flow for a beginner.","Revenue, profit, and cash flow are all important metrics for businesses. Revenue is the total amount of money a business generates from its operations, while profit is the difference between revenue and expenses. Cash flow is the amount of money a business has available to spend, which is calculated by subtracting all expenses from all revenues. The key difference between revenue and profit is that revenue is the total amount of money a business generates, while profit is the amount of money a b","Revenue is the income generated by a company through its business activities. It is the total amount of money that a company earns from selling goods and services. Profit, on the other hand, is the difference between revenue and expenses, which is the net amount of money a company earns after deducting all expenses, including taxes. Cash flow is the flow of money in and out of a company. It is the total amount of cash that a company generates from its operations, investments, and financing activ",improved
What are three warning signs that a company may have weak financial health?,"Three warning signs that a company may have weak financial health are: 1. A high debt-to-equity ratio, indicating that the company is taking on too much debt. 2. Negative cash flow, which means that the company is not generating enough revenue to cover its expenses. 3. A low revenue growth rate, which indicates that the company is not able to increase its revenue quickly enough to sustain its operations.","Three warning signs that a company may have weak financial health are: 
1. Negative or low revenue growth 
2. High debt levels 
3. Poor cash flow management.",improved
Explain what diversification means in investing.,"Diversification is the process of spreading investments across different assets or asset classes in order to reduce the risk of loss in the event of an economic downturn or other unforeseen events. By investing in a variety of assets, investors can mitigate the risk of loss by reducing the impact of a single asset or asset class on their overall portfolio. This helps to balance out the risk of loss, making the portfolio more stable and less volatile.","Diversification in investing refers to the practice of spreading investments across different assets, sectors, and industries. The idea behind diversification is that by investing in a variety of assets, a portfolio's risk is reduced and the potential for loss is minimized. By investing in a diversified portfolio, investors can reduce their exposure to the risk of any one asset or sector, which can potentially lead to better long-term returns.",improved
What is the difference between a stock and a bond?,"Stock and bonds are both types of securities that are issued by companies to raise capital. However, there are some important differences between the two. Stocks represent ownership in a company, while bonds represent a loan to a company. When a company issues stock, it is selling shares of ownership in the company. Shareholders have the right to vote on important issues, such as electing board members and approving new investments. Bonds, on the other hand, are loans to a company. When a compan","A stock is a type of ownership share in a company, while a bond is a type of debt instrument issued by a company, government, or other organization. With a stock, you own a portion of the company and have the right to vote on important decisions, but you do not have a direct claim on the company's assets or earnings. With a bond, you are essentially lending money to the issuer, and in return, you receive regular interest payments and a promise to repay the principal amount at a later date. In sh",same
Give a simple explanation of compound interest.,"Compound interest is the interest earned on the original amount plus the interest that has accumulated. In other words, it is interest that is earned on interest. This means that the interest earned in the first period is added to the principal, and the next period's interest is calculated on the new total. This process continues over time, resulting in exponential growth of the investment.","Compound interest is when interest is added to the principal amount and the new total becomes the principal for the next period. This means that instead of earning interest on just the principal amount, you earn interest on the principal amount plus the interest earned in the previous period. This means that your interest payments grow over time, and you earn more interest than if you had only earned simple interest. For example, if you invest $1,000 at an interest rate of 5% per year for 10 yea",improved
How should a beginner think about risk versus return?,"It is important to understand the concept of risk and return when investing. Risk is the possibility of losing money, while return is the amount of money earned from an investment. A beginner should consider the level of risk they are willing to take in order to achieve their desired level of return. They should also be aware of the potential consequences of taking on too much risk. Additionally, they should be aware of the potential benefits of diversifying their portfolio to reduce risk. It is","This is a good question. I think the answer will depend on your goals and the amount of risk you are willing to take. If you are willing to take more risk, you can increase your potential return. However, you also need to consider the potential downside of taking on more risk. If you are risk averse, you may choose to take on less risk, but this will likely mean that you will have a lower potential return.  There is no one-size-fits-all answer to this question. It depends on your individual circ",improved
Explain what an emergency fund is and why it matters.,"An emergency fund is a portion of your savings set aside to help you cover unexpected expenses, such as medical bills or job loss. It's important to have an emergency fund because it can help you avoid taking out loans or using credit cards to cover unexpected expenses, which can lead to long-term debt and financial hardship. Building an emergency fund can also help you avoid making impulsive or unwise financial decisions. Ideally, your emergency fund should be enough to cover three to six month","An emergency fund is a savings account that is specifically used for unexpected expenses, such as a car repair, medical bills, or a job loss. It is important to have an emergency fund because it can provide financial security and peace of mind when faced with unexpected situations. Having an emergency fund can also reduce the need for credit card debt, which can lead to long-term financial problems. It is recommended to have three to six months' worth of expenses saved in an emergency fund.",improved
What does inflation do to purchasing power?,"Inflation causes purchasing power to decline.  This is because, in general, the price of things will increase in proportion to the increase in the price level.  So if inflation is 5% and the price of bread is $1 per loaf, in 1 year, the price of bread will be $1.05 per loaf.  This means that a loaf of bread is more expensive in year 1 than in year 0.  Therefore, the purchasing power of money decreases.  In other words, if you have $100 in year 0, you can","Inflation increases the prices of goods and services.  This reduces the purchasing power of money.  So, if the price of a product is $100 when inflation is 5%, then when the price of that product rises to $105, that $105 is worth less than the $100 was.  So, if the price of a product was $100 and inflation is 5%, then the purchasing power of $100 is $95.  This means that the purchasing power of money is reduced.  So, if the",same
Explain the meaning of debt-to-equity ratio in simple terms.,"The debt-to-equity ratio is a financial metric that shows the amount of debt a company has relative to the amount of equity it has. In simple terms, it tells you how much debt a company has relative to the amount of money invested by its shareholders. For example, if a company has $10 million in debt and $20 million in equity, the debt-to-equity ratio would be 50%. This means that for every dollar of equity, the company has $2 of debt. A higher debt-to-equity ratio indicates that a company has m","The debt-to-equity ratio is a financial metric that measures the amount of debt a company has relative to its equity. It is calculated by dividing the company's total debt by its total equity. In simple terms, it tells you how much debt a company has relative to the amount of capital it has invested in the company. A high debt-to-equity ratio indicates that a company is heavily leveraged, which may be a sign of financial risk. Conversely, a low debt-to-equity ratio indicates that a company is no",improved
Give a short financial checklist for someone starting their first job.,"The following is a short financial checklist for someone starting their first job:

1. Create a budget: Determine your income and expenses, and create a budget that allows you to save for long-term goals. 2. Build an emergency fund: Set aside money to cover unexpected expenses, such as car repairs or medical bills. 3. Pay off credit card debt: If you have any credit card debt, make a plan to pay it off as soon as possible. 4. Save for retirement: Start saving for retirement as soon as possible. ","As a new employee, there are several financial steps you should take to get started. First, consider setting up a budget to track your expenses and create a savings plan. You should also consider opening a checking account and setting up direct deposit to make sure your paycheck is automatically deposited into your account. Additionally, consider opening a retirement savings account, such as a 401(k) or IRA, to save for your future. Finally, be mindful of credit card usage and make sure to pay y",improved
Explain the difference between a bull market and a bear market.,"A bull market is a period of rising stock prices, while a bear market is a period of falling stock prices. In a bull market, investors tend to buy stocks and expect them to increase in value, while in a bear market, investors tend to sell stocks and expect them to decrease in value. Both bull and bear markets are characterized by fluctuations in the stock market and can have significant impacts on the economy.","In a bull market, the stock market experiences a general increase in prices, while in a bear market, the stock market experiences a general decrease in prices. A bull market typically results in positive economic growth and higher stock prices, while a bear market can lead to economic recession and lower stock prices. Additionally, a bull market is often associated with increased investor confidence, while a bear market can lead to investor fear and uncertainty.",improved
What is a mutual fund and how does it work?,"A mutual fund is a type of investment vehicle that pools the money of many investors to purchase a variety of assets such as stocks, bonds, or other securities. The fund's portfolio is managed by an investment manager who selects and adjusts the portfolio's investments based on the fund's stated objectives. Investors can purchase shares in the fund, which entitles them to a portion of the fund's assets. The fund's performance is measured by its net asset value (NAV), which is the total value of ","A mutual fund is a professionally managed investment fund that pools the money of many investors and invests it in a variety of assets, such as stocks, bonds, and other securities. The fund is overseen by a board of directors and managed by a professional fund manager. Investors purchase shares in the fund, which represent ownership in the fund's assets. The fund manager makes investment decisions based on the fund's investment strategy, which is determined by the fund's objectives and the fund'",improved
Describe the purpose of a credit score and why it matters.,"A credit score is a numerical representation of an individual's creditworthiness. It is used by lenders and other institutions to determine whether or not they should approve a loan or credit card application, and at what interest rate. Credit scores are based on an individual's credit history, which includes information such as payment history, outstanding debt, and the age and type of credit accounts. The higher the credit score, the better the creditworthiness, and the more likely it is that ","A credit score is a numerical representation of a person's creditworthiness, based on their credit history and payment history. It is used by lenders and credit reporting agencies to determine whether someone is a good credit risk, and to assess the likelihood of making timely payments on loans and credit cards. A higher credit score indicates a lower risk of default, and can result in lower interest rates and better terms for loans and credit cards. Credit scores also impact eligibility for cre",same
What are the pros and cons of using a credit card?,"Using a credit card can be beneficial in many ways, but it also comes with some potential drawbacks. On the positive side, credit cards offer convenience and flexibility, as you can make purchases without needing cash or a debit card. They also allow you to earn rewards, such as points or cash back, for using the card. However, there are some potential downsides to using a credit card. The main concern is that if you don't pay off your balance in full each month, you may end up in debt and payin","There are pros and cons to using a credit card. On the one hand, a credit card can provide convenience and flexibility, as you can make purchases without carrying cash or worrying about how much you have left. It can also provide protection against fraud, and you can often earn rewards or discounts on certain purchases. However, there are also potential risks involved, such as interest charges if you don't pay your balance in full, and the potential for overspending if you aren't careful. It's i",improved
Explain the concept of passive income in simple terms.,"Passive income is the income that you generate without actively working for it. This means that you can earn money while doing other things such as sleeping, watching TV, or traveling. It is a type of income that is generated from investments, such as stocks, bonds, real estate, and rental properties. Passive income is usually considered to be more stable and less risky than other types of income, as it is not dependent on the performance of a single project or individual. Examples of passive in","Passive income is a type of income that comes from investments or investments that are already generating income, such as rental properties or dividend-paying stocks. It is different from active income, which requires ongoing effort and time to generate income. Examples of passive income include rental income, dividends from stocks, interest on savings accounts, and royalties from patents or copyrights. Essentially, passive income is income that you can earn without actively participating in the",improved
How does a mortgage loan work?,"A mortgage loan is a loan that is used to purchase real estate. The borrower pays a fixed amount each month towards the loan, which includes both the interest and a portion of the principal. Over time, the borrower pays off the loan in full. The lender receives a fixed amount of interest payments over the life of the loan. The interest rate of the loan is usually fixed, meaning that it does not change over the life of the loan. The borrower's payments are typically made in fixed amounts each mon","A mortgage loan is a loan that is used to buy a home. It is secured by the home itself and typically requires a down payment of 20% or more. The interest rate on a mortgage loan is typically higher than the interest rate on other types of loans, but it can be lower than the interest rate on credit card debt. A mortgage loan can be used to finance the purchase of a new home or to refinance an existing home loan. It is important to shop around for the best mortgage loan rates and terms before maki",improved
What is the difference between gross income and net income?,"Gross income is the total income earned by an individual or company before deductions, such as taxes and expenses. Net income is the amount of money that is left after deductions, such as taxes and expenses. In other words, net income is the amount of money that is left after all expenses have been paid. 

For example, if an individual earns $50,000 in gross income, but has to pay $10,000 in taxes and $5,000 in expenses, their net income would be $35,000. In this case","Gross income is the total amount of money earned before deductions, while net income is the amount of money earned after deductions. Gross income includes salary, wages, tips, bonuses, and other income sources, while net income is the amount of money left after subtracting deductions, such as taxes, social security, and other expenses. The difference between gross and net income is important because it can affect your ability to pay bills, save money, and invest in the future.",improved
Explain how exchange rates affect international trade.,"Exchange rates are one of the most important factors that affect international trade. They determine the relative value of one country's currency compared to another's. When a currency is strong, it means that it is worth more compared to another currency. This means that goods and services from that country are cheaper compared to the goods and services from a country with a weaker currency. When the exchange rate between two countries changes, it can have a significant impact on the prices of ","Exchange rates play a crucial role in international trade. When the value of a currency increases, it becomes more expensive to buy goods and services from other countries. This can make exports less competitive, leading to a decrease in the demand for those goods and services. Conversely, when the value of a currency decreases, it becomes cheaper to buy goods and services from other countries, making exports more attractive. This can lead to an increase in the demand for those goods and service",improved
What is an ETF and how is it different from a mutual fund?,"An ETF (Exchange Traded Fund) is a type of investment fund that is traded on the stock exchange. It is similar to a mutual fund in that it pools money from many investors and uses it to buy a portfolio of securities. However, the key difference between an ETF and a mutual fund is that ETFs are traded on the stock exchange and can be bought and sold throughout the day. This means that investors can trade their ETF shares just like they would trade any other stock. ETFs are also typically designed","An ETF (Exchange-Traded Fund) is a type of fund that tracks an index, such as the S&P 500. It is similar to a mutual fund in that it is a collection of stocks, bonds, or other assets. However, ETFs are traded on an exchange like stocks and can be bought and sold throughout the day. ETFs can also be more efficient and cost-effective than mutual funds, as they are typically managed by a fund manager who invests in a large number of individual securities. Additionally, ETFs often have lower fees th",improved
Why is budgeting important for personal finance?,"Budgeting is important for personal finance because it allows individuals to control their spending and make informed decisions about their money. By setting a budget, individuals can determine how much they can afford to spend each month, and ensure that they are not overspending. Budgeting also helps individuals to save money by identifying areas where they can cut back on expenses and allocate funds towards savings. In addition, budgeting provides a framework for tracking spending and saving ","Budgeting is important for personal finance because it allows individuals to manage their income and expenses in a way that helps them achieve their financial goals. By creating a budget, individuals can determine how much they can afford to spend on different types of expenses and allocate their funds accordingly. This can help individuals avoid overspending, reduce debt, and make better decisions about how to save and invest their money. Additionally, budgeting can help individuals identify ar",improved
